Workbook

Sheet Auswertung
A1: Team: | B1: Team1 (VORLAGE) | D1: GP?
A3: Blatt | B3: Aufgabe | C3: %-Gewichtung | D3: mögliche Punkte | F3: =B1 -> Team1 (VORLAGE)
A4: Blatt 01 | B4: Szenario | C4: 0.2 | D4: 20 | F4: =Szenario!K16 -> 0
A5: Blatt 02 | B5: Einfacher Workflow | C5: 0.2 | D5: 20 | F5: ='YAWL-Workflow'!K17 -> 0
A6: Blatt 03 | B6: Erweiterter Workflow | C6: 0.2 | D6: 20 | F6: ='Erweiterung YAWL'!K17 -> 0
A7: Blatt 04 | B7: Workshop | C7: 0.2 | D7: 20 | F7: =Workshop!K17 -> 0
A8: Blatt 05 | B8: Process Mining | C8: 0.2 | D8: 20 | F8: ='Process Mining'!K17 -> 0
B10: Gesamt | C10: =SUM(C4:C8) -> 1 | D10: 100 | F10: =SUM(F4:F8) -> 0
D11: mindestes 50% nötig
B15: bis (auch =) | C15: über
A16: 1 | B16: =B17+C$29 -> 100 | C16: =B17 -> 95 | E16: VORNOTE | F16: =IF(F10>$C16,1,IF(F10>$C17,$A17,IF(F10>$C18,$A18,IF(F10>$C19,$A19,IF(F10>$C20,$A20,IF(F10>$C21,$A21,IF(F10>$C22,$A22,IF(F10>$C23,$A23,IF(F10>$C24,$A24,IF(F10>$C25,$A25,IF(F10>$C26,$A26))))))))))) -> FALSE
A17: 1.3 | B17: =B18+C$29 -> 95 | C17: =B18 -> 90
A18: 1.7 | B18: =B19+C$29 -> 90 | C18: =B19 -> 85
A19: 2 | B19: =B20+C$29 -> 85 | C19: =B20 -> 80
A20: 2.3 | B20: =B21+C$29 -> 80 | C20: =B21 -> 75
A21: 2.7 | B21: =B22+C$29 -> 75 | C21: =B22 -> 70
A22: 3 | B22: =B23+C$29 -> 70 | C22: =B23 -> 65
A23: 3.3 | B23: =B24+C$29 -> 65 | C23: =B24 -> 60
A24: 3.7 | B24: =B25+C$29 -> 60 | C24: =B25 -> 55
A25: 4 | B25: =C25+C29 -> 55 | C25: 50
A26: 5
B29: Schritt | C29: =(D10-C25)/10 -> 5

Sheet Szenario
A1: =Auswertung!B1 -> Team1 (VORLAGE) | J1: Datum
A2: Kriterien | C2: nicht erfüllt | E2: teilweise | G2: erfüllt | I2: über Maßen erfüllt (Bonus) | J2: Bemerkung | K2: Punkte
C3: 0 | D3: 0.5 | E3: 1 | F3: 1.5 | G3: 2 | H3: 2.5 | I3: 3
A4: Qualität/ Inhalt | B4: Unternehmensbeschreibung | K4: =IF(C4="x",C$3,IF(D4="x",D$3,IF(E4="x",E$3,IF(F4="x",F$3,IF(G4="x",G$3,IF(H4="x",H$3,IF(I4="x",I$3,0))))))) -> 0
B5: Organigramm | K5: =IF(C5="x",C$3,IF(D5="x",D$3,IF(E5="x",E$3,IF(F5="x",F$3,IF(G5="x",G$3,IF(H5="x",H$3,IF(I5="x",I$3,0))))))) -> 0
B6: Relevante Entitäten | K6: =IF(C6="x",C$3,IF(D6="x",D$3,IF(E6="x",E$3,IF(F6="x",F$3,IF(G6="x",G$3,IF(H6="x",H$3,IF(I6="x",I$3,0))))))) -> 0
B7: Prozesslandkarte | K7: =IF(C7="x",C$3,IF(D7="x",D$3,IF(E7="x",E$3,IF(F7="x",F$3,IF(G7="x",G$3,IF(H7="x",H$3,IF(I7="x",I$3,0))))))) -> 0
B8: WKD | K8: =IF(C8="x",C$3,IF(D8="x",D$3,IF(E8="x",E$3,IF(F8="x",F$3,IF(G8="x",G$3,IF(H8="x",H$3,IF(I8="x",I$3,0))))))) -> 0
B9: BPMN | K9: =IF(C9="x",C$3,IF(D9="x",D$3,IF(E9="x",E$3,IF(F9="x",F$3,IF(G9="x",G$3,IF(H9="x",H$3,IF(I9="x",I$3,0))))))) -> 0
A10: Nachvollziehbarkeit | K10: =IF(C10="x",C$3,IF(D10="x",D$3,IF(E10="x",E$3,IF(F10="x",F$3,IF(G10="x",G$3,IF(H10="x",H$3,IF(I10="x",I$3,0))))))) -> 0
A11: Fristgerechte Abgabe | K11: =IF(C11="x",C$3,IF(D11="x",D$3,IF(E11="x",E$3,IF(F11="x",F$3,IF(G11="x",G$3,IF(H11="x",H$3,IF(I11="x",I$3,0))))))) -> 0
A12: Aufteilung bei Vorstellung | K12: =IF(C12="x",C$3,IF(D12="x",D$3,IF(E12="x",E$3,IF(F12="x",F$3,IF(G12="x",G$3,IF(H12="x",H$3,IF(I12="x",I$3,0))))))) -> 0
A13: Nacharbeit nicht nötig | K13: =IF(C13="x",C$3,IF(D13="x",D$3,IF(E13="x",E$3,IF(F13="x",F$3,IF(G13="x",G$3,IF(H13="x",H$3,IF(I13="x",I$3,0))))))) -> 0
I15: 20 Max | J15: Summe | K15: =SUM(K4:K13) -> 0
J16: Übertrag (Max) | K16: =IF(K15>20,20,K15) -> 0
A19: Bemerkungen:

Sheet YAWL-Workflow
A1: =Szenario!A1 -> Team1 (VORLAGE) | J1: Datum
A2: Kriterien | C2: nicht erfüllt | E2: teilweise | G2: erfüllt | I2: über Maßen erfüllt (Bonus) | J2: Bemerkung | K2: Punkte
C3: 0 | D3: 0.5 | E3: 1 | F3: 1.5 | G3: 2 | H3: 2.5 | I3: 3
A4: Qualität/ Inhalt nicht nur Verwendung, sondern auch Funktion | B4: Linearer Prozess | K4: =IF(C4="x",C$3,IF(D4="x",D$3,IF(E4="x",E$3,IF(F4="x",F$3,IF(G4="x",G$3,IF(H4="x",H$3,IF(I4="x",I$3,0))))))) -> 0
B5: Datenperspektive | K5: =IF(C5="x",C$3,IF(D5="x",D$3,IF(E5="x",E$3,IF(F5="x",F$3,IF(G5="x",G$3,IF(H5="x",H$3,IF(I5="x",I$3,0))))))) -> 0
B6: Entscheidung | K6: =IF(C6="x",C$3,IF(D6="x",D$3,IF(E6="x",E$3,IF(F6="x",F$3,IF(G6="x",G$3,IF(H6="x",H$3,IF(I6="x",I$3,0))))))) -> 0
B7: Schleife | K7: =IF(C7="x",C$3,IF(D7="x",D$3,IF(E7="x",E$3,IF(F7="x",F$3,IF(G7="x",G$3,IF(H7="x",H$3,IF(I7="x",I$3,0))))))) -> 0
B8: Org-Modell | K8: =IF(C8="x",C$3,IF(D8="x",D$3,IF(E8="x",E$3,IF(F8="x",F$3,IF(G8="x",G$3,IF(H8="x",H$3,IF(I8="x",I$3,0))))))) -> 0
K9: =IF(C9="x",C$3,IF(D9="x",D$3,IF(E9="x",E$3,IF(F9="x",F$3,IF(G9="x",G$3,IF(H9="x",H$3,IF(I9="x",I$3,0))))))) -> 0
A10: Nachvollziehbarkeit | K10: =IF(C10="x",C$3,IF(D10="x",D$3,IF(E10="x",E$3,IF(F10="x",F$3,IF(G10="x",G$3,IF(H10="x",H$3,IF(I10="x",I$3,0))))))) -> 0
A11: Fristgerechte Abgabe | K11: =IF(C11="x",C$3,IF(D11="x",D$3,IF(E11="x",E$3,IF(F11="x",F$3,IF(G11="x",G$3,IF(H11="x",H$3,IF(I11="x",I$3,0))))))) -> 0
A12: Funktion des Workflows | K12: =IF(C12="x",C$3,IF(D12="x",D$3,IF(E12="x",E$3,IF(F12="x",F$3,IF(G12="x",G$3,IF(H12="x",H$3,IF(I12="x",I$3,0))))))) -> 0
A13: Auftritt als Team | K13: =IF(C13="x",C$3,IF(D13="x",D$3,IF(E13="x",E$3,IF(F13="x",F$3,IF(G13="x",G$3,IF(H13="x",H$3,IF(I13="x",I$3,0))))))) -> 0
A14: Nacharbeit nicht nötig | K14: =IF(C14="x",C$3,IF(D14="x",D$3,IF(E14="x",E$3,IF(F14="x",F$3,IF(G14="x",G$3,IF(H14="x",H$3,IF(I14="x",I$3,0))))))) -> 0
J16: Summe | K16: =SUM(K4:K14) -> 0
I17: 20 Max | J17: Übertrag (Max) | K17: =IF(K16>20,20,K16) -> 0
I18: 10 Min
A19: Bemerkungen:

Sheet Erweiterung YAWL
A1: ='YAWL-Workflow'!A1 -> Team1 (VORLAGE) | J1: Datum
A2: Kriterien | C2: nicht erfüllt | E2: teilweise | G2: erfüllt | I2: über Maßen erfüllt (Bonus) | J2: Bemerkung | K2: Punkte
C3: 0 | D3: 0.5 | E3: 1 | F3: 1.5 | G3: 2 | H3: 2.5 | I3: 3
A4: Qualität nicht nur Verwendung, sondern auch Funktion | B4: Gliederung | K4: =IF(C4="x",C$3,IF(D4="x",D$3,IF(E4="x",E$3,IF(F4="x",F$3,IF(G4="x",G$3,IF(H4="x",H$3,IF(I4="x",I$3,0))))))) -> 0
B5: eigener komplexer Datentyp | K5: =IF(C5="x",C$3,IF(D5="x",D$3,IF(E5="x",E$3,IF(F5="x",F$3,IF(G5="x",G$3,IF(H5="x",H$3,IF(I5="x",I$3,0))))))) -> 0
B6: Composite Task | K6: =IF(C6="x",C$3,IF(D6="x",D$3,IF(E6="x",E$3,IF(F6="x",F$3,IF(G6="x",G$3,IF(H6="x",H$3,IF(I6="x",I$3,0))))))) -> 0
B7: Cancellation Region | K7: =IF(C7="x",C$3,IF(D7="x",D$3,IF(E7="x",E$3,IF(F7="x",F$3,IF(G7="x",G$3,IF(H7="x",H$3,IF(I7="x",I$3,0))))))) -> 0
K8: =IF(C8="x",C$3,IF(D8="x",D$3,IF(E8="x",E$3,IF(F8="x",F$3,IF(G8="x",G$3,IF(H8="x",H$3,IF(I8="x",I$3,0))))))) -> 0
A9: Nachvollziehbarkeit | K9: =IF(C9="x",C$3,IF(D9="x",D$3,IF(E9="x",E$3,IF(F9="x",F$3,IF(G9="x",G$3,IF(H9="x",H$3,IF(I9="x",I$3,0))))))) -> 0
A10: Realitätsnähe | K10: =IF(C10="x",C$3,IF(D10="x",D$3,IF(E10="x",E$3,IF(F10="x",F$3,IF(G10="x",G$3,IF(H10="x",H$3,IF(I10="x",I$3,0))))))) -> 0
A11: Fristgerechte Abgabe | K11: =IF(C11="x",C$3,IF(D11="x",D$3,IF(E11="x",E$3,IF(F11="x",F$3,IF(G11="x",G$3,IF(H11="x",H$3,IF(I11="x",I$3,0))))))) -> 0
A12: Funktion des Workflows | K12: =IF(C12="x",C$3,IF(D12="x",D$3,IF(E12="x",E$3,IF(F12="x",F$3,IF(G12="x",G$3,IF(H12="x",H$3,IF(I12="x",I$3,0))))))) -> 0
A13: Auftritt als Team | K13: =IF(C13="x",C$3,IF(D13="x",D$3,IF(E13="x",E$3,IF(F13="x",F$3,IF(G13="x",G$3,IF(H13="x",H$3,IF(I13="x",I$3,0))))))) -> 0
A14: Nacharbeit nicht nötig | K14: =IF(C14="x",C$3,IF(D14="x",D$3,IF(E14="x",E$3,IF(F14="x",F$3,IF(G14="x",G$3,IF(H14="x",H$3,IF(I14="x",I$3,0))))))) -> 0
J16: Summe | K16: =SUM(K4:K14) -> 0
I17: 20 Max | J17: Übertrag (Max 20 Punkte) | K17: =IF(K16>20,20,K16) -> 0
I18: 10 Min
A19: Bemerkung:

Sheet Workshop
A1: ='Erweiterung YAWL'!A1 -> Team1 (VORLAGE) | J1: Datum
A2: Kriterien | C2: nicht erfüllt | E2: teilweise | G2: erfüllt | I2: über Maßen erfüllt (Bonus) | J2: Bemerkungen | K2: Punkte
C3: 0 | D3: 0.5 | E3: 1 | F3: 1.5 | G3: 2 | H3: 2.5 | I3: 3
A4: Qualität | B4: Struktur des Workshops | K4: =IF(C4="x",C$3,IF(D4="x",D$3,IF(E4="x",E$3,IF(F4="x",F$3,IF(G4="x",G$3,IF(H4="x",H$3,IF(I4="x",I$3,0))))))) -> 0
A5: Durchführung | B5: Instruktion der Teilnehmer | K5: =IF(C5="x",C$3,IF(D5="x",D$3,IF(E5="x",E$3,IF(F5="x",F$3,IF(G5="x",G$3,IF(H5="x",H$3,IF(I5="x",I$3,0))))))) -> 0
B6: Einbindung der Teilnehmer | K6: =IF(C6="x",C$3,IF(D6="x",D$3,IF(E6="x",E$3,IF(F6="x",F$3,IF(G6="x",G$3,IF(H6="x",H$3,IF(I6="x",I$3,0))))))) -> 0
B7: Dauer eingehalten? | K7: =IF(C7="x",C$3,IF(D7="x",D$3,IF(E7="x",E$3,IF(F7="x",F$3,IF(G7="x",G$3,IF(H7="x",H$3,IF(I7="x",I$3,0))))))) -> 0
B8: Handout/ Unterlagen | K8: =IF(C8="x",C$3,IF(D8="x",D$3,IF(E8="x",E$3,IF(F8="x",F$3,IF(G8="x",G$3,IF(H8="x",H$3,IF(I8="x",I$3,0))))))) -> 0
B9: Nachvollziehbarkeit | K9: =IF(C9="x",C$3,IF(D9="x",D$3,IF(E9="x",E$3,IF(F9="x",F$3,IF(G9="x",G$3,IF(H9="x",H$3,IF(I9="x",I$3,0))))))) -> 0
K10: =IF(C10="x",C$3,IF(D10="x",D$3,IF(E10="x",E$3,IF(F10="x",F$3,IF(G10="x",G$3,IF(H10="x",H$3,IF(I10="x",I$3,0))))))) -> 0
A11: Fristgerechte Abgabe/Upload | K11: =IF(C11="x",C$3,IF(D11="x",D$3,IF(E11="x",E$3,IF(F11="x",F$3,IF(G11="x",G$3,IF(H11="x",H$3,IF(I11="x",I$3,0))))))) -> 0
A12: Dokumentation des Workshops? | K12: =IF(C12="x",C$3,IF(D12="x",D$3,IF(E12="x",E$3,IF(F12="x",F$3,IF(G12="x",G$3,IF(H12="x",H$3,IF(I12="x",I$3,0))))))) -> 0
A13: Auftritt als Team | K13: =IF(C13="x",C$3,IF(D13="x",D$3,IF(E13="x",E$3,IF(F13="x",F$3,IF(G13="x",G$3,IF(H13="x",H$3,IF(I13="x",I$3,0))))))) -> 0
A14: Nacharbeit nicht nötig | K14: =IF(C14="x",C$3,IF(D14="x",D$3,IF(E14="x",E$3,IF(F14="x",F$3,IF(G14="x",G$3,IF(H14="x",H$3,IF(I14="x",I$3,0))))))) -> 0
J16: Summe | K16: =SUM(K4:K14) -> 0
I17: 20 Max | J17: Übertrag (Max 20 Punkte) | K17: =IF(K16>20,20,K16) -> 0
I18: 10 Min
A19: Bemerkungen:

Sheet Process Mining
A1: =Workshop!A1 -> Team1 (VORLAGE) | J1: Datum
A2: Kriterien | C2: nicht erfüllt | E2: teilweise | G2: erfüllt | I2: über Maßen erfüllt (Bonus) | J2: Bemerkung | K2: Punkte
C3: 0 | D3: 0.5 | E3: 1 | F3: 1.5 | G3: 2 | H3: 2.5 | I3: 3
A4: Qualität | B4: Gliederung | K4: =IF(C4="x",C$3,IF(D4="x",D$3,IF(E4="x",E$3,IF(F4="x",F$3,IF(G4="x",G$3,IF(H4="x",H$3,IF(I4="x",I$3,0))))))) -> 0
B5: Vergleich Log-Prom | K5: =IF(C5="x",C$3,IF(D5="x",D$3,IF(E5="x",E$3,IF(F5="x",F$3,IF(G5="x",G$3,IF(H5="x",H$3,IF(I5="x",I$3,0))))))) -> 0
B6: Bewertung der logs | K6: =IF(C6="x",C$3,IF(D6="x",D$3,IF(E6="x",E$3,IF(F6="x",F$3,IF(G6="x",G$3,IF(H6="x",H$3,IF(I6="x",I$3,0))))))) -> 0
B7: Ergebnis/ Lessons Learned | K7: =IF(C7="x",C$3,IF(D7="x",D$3,IF(E7="x",E$3,IF(F7="x",F$3,IF(G7="x",G$3,IF(H7="x",H$3,IF(I7="x",I$3,0))))))) -> 0
K8: =IF(C8="x",C$3,IF(D8="x",D$3,IF(E8="x",E$3,IF(F8="x",F$3,IF(G8="x",G$3,IF(H8="x",H$3,IF(I8="x",I$3,0))))))) -> 0
A9: Vorstellung der Ergebnisse | K9: =IF(C9="x",C$3,IF(D9="x",D$3,IF(E9="x",E$3,IF(F9="x",F$3,IF(G9="x",G$3,IF(H9="x",H$3,IF(I9="x",I$3,0))))))) -> 0
A10: Nachvollziehbarkeit | K10: =IF(C10="x",C$3,IF(D10="x",D$3,IF(E10="x",E$3,IF(F10="x",F$3,IF(G10="x",G$3,IF(H10="x",H$3,IF(I10="x",I$3,0))))))) -> 0
A11: Fristgerechte Abgabe/Upload | K11: =IF(C11="x",C$3,IF(D11="x",D$3,IF(E11="x",E$3,IF(F11="x",F$3,IF(G11="x",G$3,IF(H11="x",H$3,IF(I11="x",I$3,0))))))) -> 0
A12: Dokumentation | K12: =IF(C12="x",C$3,IF(D12="x",D$3,IF(E12="x",E$3,IF(F12="x",F$3,IF(G12="x",G$3,IF(H12="x",H$3,IF(I12="x",I$3,0))))))) -> 0
A13: Auftritt als Team | K13: =IF(C13="x",C$3,IF(D13="x",D$3,IF(E13="x",E$3,IF(F13="x",F$3,IF(G13="x",G$3,IF(H13="x",H$3,IF(I13="x",I$3,0))))))) -> 0
A14: Nacharbeit nicht nötig | K14: =IF(C14="x",C$3,IF(D14="x",D$3,IF(E14="x",E$3,IF(F14="x",F$3,IF(G14="x",G$3,IF(H14="x",H$3,IF(I14="x",I$3,0))))))) -> 0
J16: Summe | K16: =SUM(K4:K14) -> 0
I17: 20 Max | J17: Übertrag (Max 20 Punkte) | K17: =IF(K16>20,20,K16) -> 0
I18: 10 Min
A19: Bemerkungen:
